"Anne Arundel County, Maryland, United States"
"Baltimore, Maryland, United States"
"Baltimore County, Maryland, United States"
"Calvert County, Maryland, United States"
"Caroline County, Maryland, United States"
"Carroll County, Maryland, United States"
"Cecil County, Maryland, United States"
"Charles County, Maryland, United States"
"Dorchester County, Maryland, United States"
"Frederick County, Maryland, United States"
"Garrett County, Maryland, United States"
"Harford County, Maryland, United States"
"Howard County, Maryland, United States"
"Kent County, Maryland, United States"
"Montgomery County, Maryland, United States"
"Prince George's County, Maryland, United States"
"Queen Anne, Queen Anne's County, Maryland, United States"
"Somerset County, Maryland, United States"
"Saint Mary's County, Maryland, United States"
"Talbot County, Maryland, United States"
"Washington County, Maryland, United States"
"Wicomico County, Maryland, United States"
"Worcester County, Maryland, United States"