"Accomack County, Virginia, United States"
"Albemarle County, Virginia, United States"
"Alexandria, Virginia, United States"
"Alleghany County, Virginia, United States"
"Amelia County, Virginia, United States"
"Amherst County, Virginia, United States"
"Appomattox County, Virginia, United States"
"Arlington County, Virginia, United States"
"Augusta County, Virginia, United States"
"Bath County, Virginia, United States"
"Bedford County, Virginia, United States"
"Bland County, Virginia, United States"
"Botetourt County, Virginia, United States"
"Bristol, Virginia, 24201, United States"
"Brunswick County, Virginia, United States"
"Buchanan County, Virginia, United States"
"Buckingham County, Virginia, United States"
"Buena Vista, Virginia, 24416, United States"
"Campbell County, Virginia, United States"
"Caroline County, Virginia, United States"
"Carroll County, Virginia, United States"
"Charles City County, Virginia, United States"
"Charlotte County, Virginia, United States"
"Charlottesville, Virginia, United States"
"Chesapeake, Virginia, United States"
"Chesterfield County, Virginia, United States"
"Clarke County, Virginia, United States"
"Colonial Heights, Virginia, United States"
"Covington, Virginia, United States"
"Craig County, Virginia, United States"
"Culpeper County, Virginia, United States"
"Cumberland County, Virginia, United States"
"Danville, Virginia, United States"
"Dickenson County, Virginia, United States"
"Emporia, Virginia, 23847, United States"
"Essex County, Virginia, United States"
"Fairfax, Fairfax (city), Virginia, 20030, United States"
"Fairfax County, Virginia, United States"
"Falls Church, Virginia, 22046, United States"
"Fauquier County, Virginia, United States"
"Floyd County, Virginia, United States"
"Fluvanna County, Virginia, United States"
"Franklin County, Virginia, United States"
"Frederick County, Virginia, United States"
"Fredericksburg, Virginia, United States"
"Galax, Virginia, 24333, United States"
"Giles County, Virginia, United States"
"Gloucester County, Virginia, United States"
"Goochland County, Virginia, United States"
"Grayson County, Virginia, United States"
"Greene County, Virginia, United States"
"Greensville County, Virginia, 23879, United States"
"Halifax County, Virginia, United States"
"Hampton, Virginia, United States"
"Hanover County, Virginia, United States"
"Harrisonburg, Virginia, United States"
"Henrico County, Virginia, United States"
"Henry County, Virginia, United States"
"Highland County, Virginia, United States"
"Hopewell, Virginia, 23860, United States"
"Isle Of Wight County, Virginia, United States"
"James City County, Virginia, United States"
"King And Queen County, Virginia, United States"
"King George County, Virginia, United States"
"King William County, Virginia, United States"
"Lancaster County, Virginia, United States"
"Lee County, Virginia, United States"
"Lexington, Virginia, United States"
"Loudoun County, Virginia, United States"
"Louisa County, Virginia, United States"
"Lunenburg County, Virginia, United States"
"Lynchburg, Virginia, United States"
"Manassas, Virginia, United States"
"Manassas Park, Virginia, United States"
"Martinsville, Virginia, United States"
"Mathews County, Virginia, United States"
"Mecklenburg County, Virginia, United States"
"Middlesex County, Virginia, United States"
"Nelson County, Virginia, United States"
"New Kent County, Virginia, United States"
"Newport News, Virginia, United States"
"Norfolk, Virginia, United States"
"Northampton County, Virginia, United States"
"Northumberland County, Virginia, United States"
"Norton, Virginia, 24273, United States"
"Nottoway County, Virginia, United States"
"Orange County, Virginia, United States"
"Page County, Virginia, United States"
"Patrick County, Virginia, United States"
"Petersburg, Virginia, United States"
"Pittsylvania County, Virginia, United States"
"Poquoson, Virginia, 23662, United States"
"Portsmouth, Virginia, United States"
"Powhatan County, Virginia, United States"
"Prince Edward County, Virginia, United States"
"Prince George County, Virginia, United States"
"Prince William County, Virginia, United States"
"Pulaski County, Virginia, United States"
"Radford City, Radford (city), Virginia, United States"
"Rappahannock County, Virginia, United States"
"Richmond County, Virginia, United States"
"Richmond, Virginia, United States"
"Roanoke, Virginia, United States"
"Roanoke County, Virginia, United States"
"Rockbridge County, Virginia, United States"
"Rockingham County, Virginia, United States"
"Russell County, Virginia, United States"
"Salem, Virginia, United States"
"Scott County, Virginia, United States"
"Shenandoah County, Virginia, United States"
"Smyth County, Virginia, United States"
"Southampton County, Virginia, United States"
"Spotsylvania County, Virginia, United States"
"Stafford County, Virginia, United States"
"Staunton, Virginia, 24401, United States"
"Suffolk, Suffolk (city), Virginia, United States"
"Surry County, Virginia, United States"
"Sussex County, Virginia, United States"
"Tazewell County, Virginia, United States"
"Virginia Beach, Virginia, United States"
"Warren County, Virginia, United States"
"Washington County, Virginia, United States"
"Waynesboro, Virginia, 22980, United States"
"Westmoreland County, Virginia, United States"
"Williamsburg, Virginia, United States"
"Winchester, Virginia, 22601, United States"
"Wise County, Virginia, United States"
"Wythe County, Virginia, United States"
"York County, Virginia, United States"